{"cameraMode":{"drawMode":0,"name":"Shaded","section":"Shading Mode"},"sceneLighting":true,"audioPlay":false,"sceneViewState":{"m_AlwaysRefresh":false,"showFog":true,"showSkybox":true,"showFlares":true,"showImageEffects":true,"showParticleSystems":true,"showVisualEffectGraphs":true,"m_FxEnabled":true},"in2DMode":false,"pivot":{"x":0.8102140426635742,"y":-2.9284801483154299,"z":4.092755317687988},"rotation":{"x":-0.36652299761772158,"y":-0.01339950505644083,"z":0.005279519595205784,"w":-0.9302987456321716},"size":13.83590316772461,"orthographic":false}